Type,Name,Request Count,Failure Count,Median Response Time,Average Response Time,Min Response Time,Max Response Time,Average Content Size,Requests/s,Failures/s,50%,66%,75%,80%,90%,95%,98%,99%,99.9%,99.99%,100%
GET,List Users,1970,124,56.98,64.75,3.2375000000000003,259.74,256,32.833333333333336,2.066666666666667,56.98,61.512499999999996,67.9875,72.52000000000001,126.98400000000001,144.3,165.945,187.59000000000003,233.76600000000002,246.753,259.74
POST,Create Order,1182,74,89.54,101.75,5.0875,399.6,256,19.7,1.2333333333333334,89.54,96.6625,106.8375,113.96000000000001,195.36,222.0,255.29999999999998,288.6,359.64000000000004,379.62,399.6
GET,Get Product,1576,99,45.584,51.800000000000004,2.5900000000000003,206.46,256,26.266666666666666,1.65,45.584,49.21,54.39000000000001,58.01600000000001,100.936,114.7,131.905,149.11,185.81400000000002,196.137,206.46
GET,Health Check,394,24,8.14,9.25,0.4625,39.96000000000001,256,6.566666666666666,0.4,8.14,8.7875,9.7125,10.360000000000001,19.536,22.200000000000003,25.53,28.860000000000003,35.964000000000006,37.962,39.96000000000001
PUT,Update Profile,788,49,78.144,88.80000000000001,4.44,349.65000000000003,256,13.133333333333333,0.8166666666666667,78.144,84.36000000000001,93.24000000000001,99.45600000000002,170.94,194.25,223.3875,252.525,314.68500000000006,332.1675,349.65000000000003
,Aggregated,5910,370,65.0,78.4,3.8,524.1,256,98.5,6.166666666666667,65.0,71.5,78.0,84.5,157.25,185.0,370.8,412.0,471.69000000000005,497.895,524.1
