Type,Name,Request Count,Failure Count,Median Response Time,Average Response Time,Min Response Time,Max Response Time,Average Content Size,Requests/s,Failures/s,50%,66%,75%,80%,90%,95%,98%,99%,99.9%,99.99%,100%
GET,List Users,2768,33,36.344,41.3,2.065,165.672,256,46.13333333333333,0.55,36.344,39.23499999999999,43.365,46.256,80.9952,92.03999999999999,105.84599999999999,119.65199999999999,149.1048,157.3884,165.672
POST,Create Order,1660,19,57.111999999999995,64.89999999999999,3.2449999999999997,254.88,256,27.666666666666668,0.31666666666666665,57.111999999999995,61.65499999999999,68.145,72.688,124.60799999999999,141.6,162.83999999999997,184.08,229.392,242.136,254.88
GET,Get Product,2214,26,29.0752,33.04,1.6520000000000001,131.688,256,36.9,0.43333333333333335,29.0752,31.387999999999998,34.692,37.0048,64.3808,73.16,84.13399999999999,95.108,118.5192,125.10359999999999,131.688
GET,Health Check,553,6,5.191999999999999,5.8999999999999995,0.295,25.488,256,9.216666666666667,0.1,5.191999999999999,5.6049999999999995,6.194999999999999,6.608,12.4608,14.16,16.284,18.408,22.9392,24.2136,25.488
PUT,Update Profile,1107,13,49.8432,56.64,2.8320000000000003,223.01999999999998,256,18.45,0.21666666666666667,49.8432,53.808,59.472,63.436800000000005,109.032,123.89999999999999,142.48499999999999,161.07,200.718,211.86899999999997,223.01999999999998
,Aggregated,8302,97,43.0,48.7,2.5,245.8,256,138.4,1.6166666666666667,43.0,47.300000000000004,51.6,55.9,95.2,112.0,178.20000000000002,198.0,221.22000000000003,233.51,245.8
