Type,Name,Request Count,Failure Count,Median Response Time,Average Response Time,Min Response Time,Max Response Time,Average Content Size,Requests/s,Failures/s,50%,66%,75%,80%,90%,95%,98%,99%,99.9%,99.99%,100%
GET,List Users,2904,23,30.8,35.0,1.75,140.4,256,48.4,0.38333333333333336,30.8,33.25,36.75,39.2,68.64,78.0,89.69999999999999,101.4,126.36000000000001,133.38,140.4
POST,Create Order,1742,13,48.4,55.0,2.75,216.0,256,29.033333333333335,0.21666666666666667,48.4,52.25,57.75,61.60000000000001,105.6,120.0,138.0,156.0,194.4,205.2,216.0
GET,Get Product,2323,18,24.64,28.0,1.4000000000000001,111.60000000000001,256,38.71666666666667,0.3,24.64,26.599999999999998,29.400000000000002,31.360000000000003,54.56,62.0,71.3,80.60000000000001,100.44000000000001,106.02000000000001,111.60000000000001
GET,Health Check,580,4,4.4,5.0,0.25,21.6,256,9.666666666666666,0.06666666666666667,4.4,4.75,5.25,5.6000000000000005,10.56,12.0,13.799999999999999,15.600000000000001,19.44,20.52,21.6
PUT,Update Profile,1161,9,42.24,48.0,2.4000000000000004,189.0,256,19.35,0.15,42.24,45.599999999999994,50.400000000000006,53.760000000000005,92.4,105.0,120.74999999999999,136.5,170.1,179.54999999999998,189.0
,Aggregated,8710,67,38.0,42.3,2.1,187.4,256,145.2,1.1166666666666667,38.0,41.800000000000004,45.6,49.4,80.75,95.0,127.8,142.0,168.66,178.03,187.4
