Type,Name,Request Count,Failure Count,Median Response Time,Average Response Time,Min Response Time,Max Response Time,Average Content Size,Requests/s,Failures/s,50%,66%,75%,80%,90%,95%,98%,99%,99.9%,99.99%,100%
GET,List Users,3056,15,28.336000000000002,32.2,1.6100000000000003,129.168,256,50.93333333333333,0.25,28.336000000000002,30.59,33.81,36.06400000000001,63.1488,71.76,82.524,93.28800000000001,116.25120000000001,122.7096,129.168
POST,Create Order,1833,9,44.528,50.6,2.5300000000000002,198.72000000000003,256,30.55,0.15,44.528,48.07,53.13,56.672000000000004,97.152,110.4,126.96,143.52,178.84800000000004,188.78400000000002,198.72000000000003
GET,Get Product,2444,12,22.6688,25.76,1.2880000000000003,102.672,256,40.733333333333334,0.2,22.6688,24.472,27.048000000000002,28.851200000000006,50.1952,57.04,65.59599999999999,74.152,92.4048,97.5384,102.672
GET,Health Check,611,3,4.048000000000001,4.6000000000000005,0.23000000000000004,19.872000000000003,256,10.183333333333334,0.05,4.048000000000001,4.37,4.830000000000001,5.152000000000001,9.715200000000001,11.040000000000001,12.696,14.352000000000002,17.884800000000002,18.878400000000003,19.872000000000003
PUT,Update Profile,1222,6,38.860800000000005,44.160000000000004,2.208,173.88000000000002,256,20.366666666666667,0.1,38.860800000000005,41.952,46.36800000000001,49.45920000000001,85.00800000000001,96.60000000000001,111.09,125.58000000000001,156.49200000000002,165.186,173.88000000000002
,Aggregated,9166,45,35.0,39.1,1.8,165.2,256,152.8,0.75,35.0,38.5,42.0,45.5,74.8,88.0,117.9,131.0,148.68,156.93999999999997,165.2
